{"pages":["GangsterGrotesk-Regular.png"],"chars":[{"id":87,"index":58,"char":"W","width":42,"height":32,"xoffset":-1,"yoffset":8,"xadvance":40,"chnl":15,"x":0,"y":0,"page":0},{"id":106,"index":77,"char":"j","width":12,"height":39,"xoffset":-2,"yoffset":8,"xadvance":11,"chnl":15,"x":0,"y":33,"page":0},{"id":81,"index":52,"char":"Q","width":30,"height":36,"xoffset":0,"yoffset":7,"xadvance":30,"chnl":15,"x":0,"y":73,"page":0},{"id":109,"index":80,"char":"m","width":33,"height":26,"xoffset":1,"yoffset":14,"xadvance":35,"chnl":15,"x":13,"y":33,"page":0},{"id":119,"index":90,"char":"w","width":33,"height":25,"xoffset":-1,"yoffset":15,"xadvance":31,"chnl":15,"x":43,"y":0,"page":0},{"id":67,"index":38,"char":"C","width":28,"height":33,"xoffset":0,"yoffset":7,"xadvance":28,"chnl":15,"x":0,"y":110,"page":0},{"id":71,"index":42,"char":"G","width":29,"height":33,"xoffset":0,"yoffset":7,"xadvance":30,"chnl":15,"x":0,"y":144,"page":0},{"id":77,"index":48,"char":"M","width":33,"height":32,"xoffset":1,"yoffset":8,"xadvance":35,"chnl":15,"x":29,"y":110,"page":0},{"id":79,"index":50,"char":"O","width":30,"height":33,"xoffset":0,"yoffset":7,"xadvance":30,"chnl":15,"x":31,"y":60,"page":0},{"id":83,"index":54,"char":"S","width":25,"height":33,"xoffset":0,"yoffset":7,"xadvance":26,"chnl":15,"x":47,"y":26,"page":0},{"id":98,"index":69,"char":"b","width":24,"height":32,"xoffset":1,"yoffset":8,"xadvance":25,"chnl":15,"x":62,"y":60,"page":0},{"id":100,"index":71,"char":"d","width":24,"height":32,"xoffset":0,"yoffset":8,"xadvance":25,"chnl":15,"x":73,"y":26,"page":0},{"id":102,"index":73,"char":"f","width":20,"height":32,"xoffset":-1,"yoffset":8,"xadvance":18,"chnl":15,"x":0,"y":178,"page":0},{"id":103,"index":74,"char":"g","width":23,"height":32,"xoffset":0,"yoffset":14,"xadvance":24,"chnl":15,"x":0,"y":211,"page":0},{"id":104,"index":75,"char":"h","width":22,"height":32,"xoffset":1,"yoffset":8,"xadvance":24,"chnl":15,"x":21,"y":178,"page":0},{"id":105,"index":76,"char":"i","width":8,"height":32,"xoffset":1,"yoffset":8,"xadvance":11,"chnl":15,"x":30,"y":143,"page":0},{"id":107,"index":78,"char":"k","width":22,"height":32,"xoffset":1,"yoffset":8,"xadvance":22,"chnl":15,"x":39,"y":143,"page":0},{"id":108,"index":79,"char":"l","width":8,"height":32,"xoffset":1,"yoffset":8,"xadvance":10,"chnl":15,"x":24,"y":211,"page":0},{"id":112,"index":83,"char":"p","width":24,"height":32,"xoffset":1,"yoffset":14,"xadvance":25,"chnl":15,"x":33,"y":211,"page":0},{"id":113,"index":84,"char":"q","width":24,"height":32,"xoffset":0,"yoffset":14,"xadvance":25,"chnl":15,"x":44,"y":176,"page":0},{"id":65,"index":36,"char":"A","width":31,"height":32,"xoffset":-1,"yoffset":8,"xadvance":28,"chnl":15,"x":62,"y":143,"page":0},{"id":66,"index":37,"char":"B","width":26,"height":32,"xoffset":1,"yoffset":8,"xadvance":28,"chnl":15,"x":58,"y":209,"page":0},{"id":68,"index":39,"char":"D","width":27,"height":32,"xoffset":1,"yoffset":8,"xadvance":28,"chnl":15,"x":69,"y":176,"page":0},{"id":69,"index":40,"char":"E","width":22,"height":32,"xoffset":1,"yoffset":8,"xadvance":24,"chnl":15,"x":85,"y":209,"page":0},{"id":70,"index":41,"char":"F","width":22,"height":32,"xoffset":1,"yoffset":8,"xadvance":23,"chnl":15,"x":63,"y":93,"page":0},{"id":72,"index":43,"char":"H","width":26,"height":32,"xoffset":1,"yoffset":8,"xadvance":28,"chnl":15,"x":86,"y":93,"page":0},{"id":73,"index":44,"char":"I","width":8,"height":32,"xoffset":1,"yoffset":8,"xadvance":10,"chnl":15,"x":87,"y":59,"page":0},{"id":74,"index":45,"char":"J","width":22,"height":32,"xoffset":-1,"yoffset":8,"xadvance":22,"chnl":15,"x":96,"y":59,"page":0},{"id":75,"index":46,"char":"K","width":26,"height":32,"xoffset":1,"yoffset":8,"xadvance":25,"chnl":15,"x":94,"y":126,"page":0},{"id":76,"index":47,"char":"L","width":22,"height":32,"xoffset":1,"yoffset":8,"xadvance":23,"chnl":15,"x":113,"y":92,"page":0},{"id":78,"index":49,"char":"N","width":27,"height":32,"xoffset":1,"yoffset":8,"xadvance":30,"chnl":15,"x":97,"y":159,"page":0},{"id":80,"index":51,"char":"P","width":25,"height":32,"xoffset":1,"yoffset":8,"xadvance":26,"chnl":15,"x":121,"y":125,"page":0},{"id":82,"index":53,"char":"R","width":27,"height":32,"xoffset":1,"yoffset":8,"xadvance":28,"chnl":15,"x":98,"y":0,"page":0},{"id":84,"index":55,"char":"T","width":26,"height":32,"xoffset":-1,"yoffset":8,"xadvance":24,"chnl":15,"x":119,"y":33,"page":0},{"id":85,"index":56,"char":"U","width":25,"height":32,"xoffset":1,"yoffset":8,"xadvance":27,"chnl":15,"x":126,"y":0,"page":0},{"id":86,"index":57,"char":"V","width":29,"height":32,"xoffset":-2,"yoffset":8,"xadvance":25,"chnl":15,"x":136,"y":66,"page":0},{"id":88,"index":59,"char":"X","width":28,"height":32,"xoffset":-1,"yoffset":8,"xadvance":25,"chnl":15,"x":146,"y":33,"page":0},{"id":89,"index":60,"char":"Y","width":28,"height":32,"xoffset":-2,"yoffset":8,"xadvance":25,"chnl":15,"x":152,"y":0,"page":0},{"id":90,"index":61,"char":"Z","width":25,"height":32,"xoffset":0,"yoffset":8,"xadvance":24,"chnl":15,"x":108,"y":192,"page":0},{"id":116,"index":87,"char":"t","width":20,"height":31,"xoffset":-1,"yoffset":10,"xadvance":18,"chnl":15,"x":108,"y":225,"page":0},{"id":121,"index":92,"char":"y","width":23,"height":31,"xoffset":-1,"yoffset":15,"xadvance":21,"chnl":15,"x":129,"y":225,"page":0},{"id":97,"index":68,"char":"a","width":21,"height":26,"xoffset":0,"yoffset":14,"xadvance":22,"chnl":15,"x":125,"y":158,"page":0},{"id":99,"index":70,"char":"c","width":23,"height":26,"xoffset":0,"yoffset":14,"xadvance":22,"chnl":15,"x":134,"y":185,"page":0},{"id":101,"index":72,"char":"e","width":23,"height":26,"xoffset":0,"yoffset":14,"xadvance":23,"chnl":15,"x":153,"y":212,"page":0},{"id":110,"index":81,"char":"n","width":22,"height":26,"xoffset":1,"yoffset":14,"xadvance":24,"chnl":15,"x":181,"y":0,"page":0},{"id":111,"index":82,"char":"o","width":24,"height":26,"xoffset":0,"yoffset":14,"xadvance":25,"chnl":15,"x":204,"y":0,"page":0},{"id":114,"index":85,"char":"r","width":19,"height":26,"xoffset":1,"yoffset":14,"xadvance":19,"chnl":15,"x":229,"y":0,"page":0},{"id":115,"index":86,"char":"s","width":20,"height":26,"xoffset":0,"yoffset":14,"xadvance":21,"chnl":15,"x":181,"y":27,"page":0},{"id":117,"index":88,"char":"u","width":22,"height":25,"xoffset":1,"yoffset":15,"xadvance":24,"chnl":15,"x":136,"y":99,"page":0},{"id":118,"index":89,"char":"v","width":24,"height":25,"xoffset":-1,"yoffset":15,"xadvance":21,"chnl":15,"x":202,"y":27,"page":0},{"id":120,"index":91,"char":"x","width":23,"height":25,"xoffset":-1,"yoffset":15,"xadvance":22,"chnl":15,"x":227,"y":27,"page":0},{"id":122,"index":93,"char":"z","width":21,"height":25,"xoffset":0,"yoffset":15,"xadvance":20,"chnl":15,"x":202,"y":53,"page":0}],"info":{"face":"GangsterGrotesk-Regular","size":42,"bold":0,"italic":0,"charset":["a","b","c","d","e","f","g","h","i","j","k","l","m","n","o","p","q","r","s","t","u","v","w","x","y","z","A","B","C","D","E","F","G","H","I","J","K","L","M","N","O","P","Q","R","S","T","U","V","W","X","Y","Z"],"unicode":1,"stretchH":100,"smooth":1,"aa":1,"padding":[2,2,2,2],"spacing":[0,0]},"common":{"lineHeight":67,"base":36,"scaleW":256,"scaleH":256,"pages":1,"packed":0,"alphaChnl":0,"redChnl":0,"greenChnl":0,"blueChnl":0},"distanceField":{"fieldType":"msdf","distanceRange":4},"kernings":[{"first":97,"second":100,"amount":0},{"first":97,"second":101,"amount":0},{"first":97,"second":102,"amount":0},{"first":97,"second":111,"amount":0},{"first":97,"second":113,"amount":0},{"first":97,"second":116,"amount":-1},{"first":97,"second":118,"amount":-1},{"first":97,"second":119,"amount":-1},{"first":97,"second":120,"amount":0},{"first":97,"second":121,"amount":-1},{"first":97,"second":74,"amount":0},{"first":97,"second":83,"amount":0},{"first":97,"second":84,"amount":-3},{"first":97,"second":86,"amount":-2},{"first":97,"second":87,"amount":-2},{"first":97,"second":89,"amount":-3},{"first":98,"second":102,"amount":0},{"first":98,"second":106,"amount":0},{"first":98,"second":116,"amount":-1},{"first":98,"second":118,"amount":0},{"first":98,"second":119,"amount":0},{"first":98,"second":120,"amount":-1},{"first":98,"second":121,"amount":-1},{"first":98,"second":122,"amount":0},{"first":98,"second":74,"amount":-1},{"first":98,"second":83,"amount":-1},{"first":98,"second":84,"amount":-4},{"first":98,"second":86,"amount":-2},{"first":98,"second":87,"amount":-2},{"first":98,"second":88,"amount":-1},{"first":98,"second":89,"amount":-3},{"first":98,"second":90,"amount":-1},{"first":99,"second":99,"amount":0},{"first":99,"second":100,"amount":0},{"first":99,"second":101,"amount":0},{"first":99,"second":111,"amount":0},{"first":99,"second":113,"amount":0},{"first":99,"second":118,"amount":0},{"first":99,"second":119,"amount":0},{"first":99,"second":120,"amount":-1},{"first":99,"second":121,"amount":0},{"first":99,"second":74,"amount":0},{"first":99,"second":83,"amount":-1},{"first":99,"second":84,"amount":-4},{"first":99,"second":86,"amount":-1},{"first":99,"second":87,"amount":-1},{"first":99,"second":88,"amount":0},{"first":99,"second":89,"amount":-3},{"first":99,"second":90,"amount":0},{"first":101,"second":102,"amount":0},{"first":101,"second":115,"amount":0},{"first":101,"second":116,"amount":-1},{"first":101,"second":118,"amount":-1},{"first":101,"second":119,"amount":0},{"first":101,"second":120,"amount":-1},{"first":101,"second":121,"amount":-1},{"first":101,"second":122,"amount":0},{"first":101,"second":74,"amount":-1},{"first":101,"second":83,"amount":-1},{"first":101,"second":84,"amount":-4},{"first":101,"second":86,"amount":-2},{"first":101,"second":87,"amount":-2},{"first":101,"second":88,"amount":0},{"first":101,"second":89,"amount":-3},{"first":101,"second":90,"amount":-1},{"first":102,"second":97,"amount":0},{"first":102,"second":99,"amount":-1},{"first":102,"second":100,"amount":-1},{"first":102,"second":101,"amount":-1},{"first":102,"second":102,"amount":0},{"first":102,"second":109,"amount":0},{"first":102,"second":110,"amount":0},{"first":102,"second":111,"amount":-1},{"first":102,"second":112,"amount":0},{"first":102,"second":113,"amount":-1},{"first":102,"second":114,"amount":0},{"first":102,"second":115,"amount":-1},{"first":102,"second":122,"amount":0},{"first":102,"second":65,"amount":-2},{"first":102,"second":74,"amount":-4},{"first":102,"second":83,"amount":0},{"first":102,"second":84,"amount":1},{"first":102,"second":86,"amount":1},{"first":102,"second":87,"amount":1},{"first":102,"second":88,"amount":0},{"first":102,"second":89,"amount":1},{"first":102,"second":90,"amount":0},{"first":103,"second":83,"amount":-1},{"first":103,"second":84,"amount":-3},{"first":103,"second":86,"amount":-1},{"first":103,"second":87,"amount":-1},{"first":103,"second":89,"amount":-2},{"first":104,"second":102,"amount":0},{"first":104,"second":116,"amount":-1},{"first":104,"second":118,"amount":-1},{"first":104,"second":119,"amount":-1},{"first":104,"second":120,"amount":0},{"first":104,"second":121,"amount":-1},{"first":104,"second":74,"amount":0},{"first":104,"second":83,"amount":0},{"first":104,"second":84,"amount":-3},{"first":104,"second":86,"amount":-2},{"first":104,"second":87,"amount":-2},{"first":104,"second":89,"amount":-3},{"first":106,"second":83,"amount":0},{"first":107,"second":97,"amount":0},{"first":107,"second":99,"amount":-2},{"first":107,"second":100,"amount":-2},{"first":107,"second":101,"amount":-2},{"first":107,"second":102,"amount":-1},{"first":107,"second":103,"amount":-1},{"first":107,"second":106,"amount":0},{"first":107,"second":111,"amount":-2},{"first":107,"second":113,"amount":-2},{"first":107,"second":115,"amount":-2},{"first":107,"second":118,"amount":-1},{"first":107,"second":119,"amount":-1},{"first":107,"second":120,"amount":-1},{"first":107,"second":121,"amount":-2},{"first":107,"second":67,"amount":-1},{"first":107,"second":71,"amount":-1},{"first":107,"second":74,"amount":-2},{"first":107,"second":79,"amount":-1},{"first":107,"second":81,"amount":-1},{"first":107,"second":83,"amount":-1},{"first":107,"second":84,"amount":-3},{"first":107,"second":86,"amount":-2},{"first":107,"second":87,"amount":-2},{"first":107,"second":89,"amount":-3},{"first":109,"second":102,"amount":0},{"first":109,"second":116,"amount":-1},{"first":109,"second":118,"amount":-1},{"first":109,"second":119,"amount":-1},{"first":109,"second":120,"amount":0},{"first":109,"second":121,"amount":-1},{"first":109,"second":74,"amount":0},{"first":109,"second":83,"amount":0},{"first":109,"second":84,"amount":-3},{"first":109,"second":86,"amount":-2},{"first":109,"second":87,"amount":-2},{"first":109,"second":89,"amount":-3},{"first":110,"second":102,"amount":0},{"first":110,"second":116,"amount":-1},{"first":110,"second":118,"amount":-1},{"first":110,"second":119,"amount":-1},{"first":110,"second":120,"amount":0},{"first":110,"second":121,"amount":-1},{"first":110,"second":74,"amount":0},{"first":110,"second":83,"amount":0},{"first":110,"second":84,"amount":-3},{"first":110,"second":86,"amount":-2},{"first":110,"second":87,"amount":-2},{"first":110,"second":89,"amount":-3},{"first":111,"second":102,"amount":0},{"first":111,"second":106,"amount":0},{"first":111,"second":116,"amount":-1},{"first":111,"second":118,"amount":0},{"first":111,"second":119,"amount":0},{"first":111,"second":120,"amount":-1},{"first":111,"second":121,"amount":-1},{"first":111,"second":122,"amount":0},{"first":111,"second":74,"amount":-1},{"first":111,"second":83,"amount":-1},{"first":111,"second":84,"amount":-4},{"first":111,"second":86,"amount":-2},{"first":111,"second":87,"amount":-2},{"first":111,"second":88,"amount":-1},{"first":111,"second":89,"amount":-3},{"first":111,"second":90,"amount":-1},{"first":112,"second":102,"amount":0},{"first":112,"second":106,"amount":0},{"first":112,"second":116,"amount":-1},{"first":112,"second":118,"amount":0},{"first":112,"second":119,"amount":0},{"first":112,"second":120,"amount":-1},{"first":112,"second":121,"amount":-1},{"first":112,"second":122,"amount":0},{"first":112,"second":74,"amount":-1},{"first":112,"second":83,"amount":-1},{"first":112,"second":84,"amount":-4},{"first":112,"second":86,"amount":-2},{"first":112,"second":87,"amount":-2},{"first":112,"second":88,"amount":-1},{"first":112,"second":89,"amount":-3},{"first":112,"second":90,"amount":-1},{"first":113,"second":84,"amount":-3},{"first":113,"second":86,"amount":-1},{"first":113,"second":87,"amount":-1},{"first":113,"second":89,"amount":-2},{"first":114,"second":97,"amount":0},{"first":114,"second":99,"amount":0},{"first":114,"second":100,"amount":0},{"first":114,"second":101,"amount":0},{"first":114,"second":103,"amount":0},{"first":114,"second":111,"amount":0},{"first":114,"second":113,"amount":0},{"first":114,"second":115,"amount":0},{"first":114,"second":116,"amount":0},{"first":114,"second":121,"amount":0},{"first":114,"second":65,"amount":-2},{"first":114,"second":74,"amount":-4},{"first":114,"second":83,"amount":-1},{"first":114,"second":84,"amount":-3},{"first":114,"second":88,"amount":-2},{"first":114,"second":89,"amount":-2},{"first":114,"second":90,"amount":-2},{"first":115,"second":99,"amount":0},{"first":115,"second":100,"amount":0},{"first":115,"second":101,"amount":0},{"first":115,"second":106,"amount":0},{"first":115,"second":111,"amount":0},{"first":115,"second":113,"amount":0},{"first":115,"second":115,"amount":-1},{"first":115,"second":116,"amount":0},{"first":115,"second":118,"amount":0},{"first":115,"second":119,"amount":0},{"first":115,"second":121,"amount":0},{"first":115,"second":74,"amount":0},{"first":115,"second":83,"amount":-1},{"first":115,"second":84,"amount":-3},{"first":115,"second":86,"amount":-2},{"first":115,"second":87,"amount":-2},{"first":115,"second":88,"amount":-1},{"first":115,"second":89,"amount":-3},{"first":115,"second":90,"amount":-1},{"first":116,"second":97,"amount":0},{"first":116,"second":99,"amount":0},{"first":116,"second":100,"amount":0},{"first":116,"second":101,"amount":0},{"first":116,"second":102,"amount":-1},{"first":116,"second":111,"amount":0},{"first":116,"second":113,"amount":0},{"first":116,"second":115,"amount":-1},{"first":116,"second":116,"amount":-1},{"first":116,"second":65,"amount":0},{"first":116,"second":67,"amount":0},{"first":116,"second":71,"amount":0},{"first":116,"second":74,"amount":-1},{"first":116,"second":79,"amount":0},{"first":116,"second":81,"amount":0},{"first":116,"second":83,"amount":-1},{"first":116,"second":84,"amount":-3},{"first":116,"second":86,"amount":-1},{"first":116,"second":87,"amount":-1},{"first":116,"second":89,"amount":-2},{"first":117,"second":84,"amount":-3},{"first":117,"second":89,"amount":-2},{"first":118,"second":99,"amount":0},{"first":118,"second":100,"amount":0},{"first":118,"second":101,"amount":0},{"first":118,"second":102,"amount":0},{"first":118,"second":111,"amount":0},{"first":118,"second":113,"amount":0},{"first":118,"second":115,"amount":0},{"first":118,"second":116,"amount":0},{"first":118,"second":74,"amount":-3},{"first":118,"second":83,"amount":0},{"first":118,"second":84,"amount":-2},{"first":118,"second":88,"amount":-1},{"first":118,"second":89,"amount":-1},{"first":118,"second":90,"amount":-1},{"first":119,"second":99,"amount":0},{"first":119,"second":100,"amount":0},{"first":119,"second":101,"amount":0},{"first":119,"second":111,"amount":0},{"first":119,"second":113,"amount":0},{"first":119,"second":115,"amount":0},{"first":119,"second":116,"amount":0},{"first":119,"second":74,"amount":-3},{"first":119,"second":83,"amount":0},{"first":119,"second":84,"amount":-2},{"first":119,"second":88,"amount":-1},{"first":119,"second":89,"amount":-1},{"first":119,"second":90,"amount":-1},{"first":120,"second":97,"amount":0},{"first":120,"second":99,"amount":-1},{"first":120,"second":100,"amount":-1},{"first":120,"second":101,"amount":-1},{"first":120,"second":111,"amount":-1},{"first":120,"second":113,"amount":-1},{"first":120,"second":116,"amount":0},{"first":120,"second":67,"amount":0},{"first":120,"second":71,"amount":0},{"first":120,"second":74,"amount":-2},{"first":120,"second":79,"amount":0},{"first":120,"second":81,"amount":0},{"first":120,"second":83,"amount":-1},{"first":120,"second":84,"amount":-4},{"first":120,"second":85,"amount":-1},{"first":120,"second":89,"amount":-2},{"first":121,"second":99,"amount":-1},{"first":121,"second":100,"amount":-1},{"first":121,"second":101,"amount":-1},{"first":121,"second":111,"amount":-1},{"first":121,"second":113,"amount":-1},{"first":121,"second":115,"amount":-1},{"first":121,"second":65,"amount":-2},{"first":121,"second":74,"amount":-3},{"first":121,"second":83,"amount":-1},{"first":121,"second":84,"amount":-4},{"first":121,"second":88,"amount":-1},{"first":121,"second":89,"amount":-2},{"first":121,"second":90,"amount":-1},{"first":122,"second":99,"amount":0},{"first":122,"second":100,"amount":0},{"first":122,"second":101,"amount":0},{"first":122,"second":103,"amount":0},{"first":122,"second":111,"amount":0},{"first":122,"second":113,"amount":0},{"first":122,"second":74,"amount":-1},{"first":122,"second":83,"amount":-1},{"first":122,"second":84,"amount":-3},{"first":122,"second":89,"amount":-1},{"first":65,"second":116,"amount":-2},{"first":65,"second":121,"amount":-2},{"first":65,"second":67,"amount":-1},{"first":65,"second":71,"amount":-1},{"first":65,"second":79,"amount":-1},{"first":65,"second":81,"amount":-1},{"first":65,"second":83,"amount":-1},{"first":65,"second":84,"amount":-4},{"first":65,"second":85,"amount":0},{"first":65,"second":86,"amount":-3},{"first":65,"second":87,"amount":-3},{"first":65,"second":88,"amount":1},{"first":65,"second":89,"amount":-4},{"first":65,"second":90,"amount":0},{"first":66,"second":97,"amount":0},{"first":66,"second":106,"amount":-1},{"first":66,"second":115,"amount":0},{"first":66,"second":118,"amount":0},{"first":66,"second":119,"amount":0},{"first":66,"second":120,"amount":0},{"first":66,"second":121,"amount":-1},{"first":66,"second":83,"amount":-1},{"first":66,"second":84,"amount":-1},{"first":66,"second":86,"amount":0},{"first":66,"second":87,"amount":0},{"first":66,"second":88,"amount":-1},{"first":66,"second":89,"amount":-1},{"first":66,"second":90,"amount":-1},{"first":67,"second":97,"amount":0},{"first":67,"second":102,"amount":-1},{"first":67,"second":116,"amount":0},{"first":67,"second":83,"amount":-1},{"first":67,"second":84,"amount":-1},{"first":67,"second":89,"amount":-1},{"first":68,"second":120,"amount":-1},{"first":68,"second":121,"amount":0},{"first":68,"second":122,"amount":0},{"first":68,"second":65,"amount":-1},{"first":68,"second":74,"amount":0},{"first":68,"second":83,"amount":-1},{"first":68,"second":84,"amount":-1},{"first":68,"second":86,"amount":-1},{"first":68,"second":87,"amount":-1},{"first":68,"second":88,"amount":-2},{"first":68,"second":89,"amount":-2},{"first":68,"second":90,"amount":-1},{"first":69,"second":97,"amount":0},{"first":69,"second":99,"amount":-1},{"first":69,"second":100,"amount":-1},{"first":69,"second":101,"amount":-1},{"first":69,"second":102,"amount":-1},{"first":69,"second":111,"amount":-1},{"first":69,"second":113,"amount":-1},{"first":69,"second":115,"amount":-1},{"first":69,"second":116,"amount":-1},{"first":69,"second":117,"amount":0},{"first":69,"second":118,"amount":-1},{"first":69,"second":119,"amount":-1},{"first":69,"second":121,"amount":-1},{"first":69,"second":122,"amount":-1},{"first":69,"second":67,"amount":-1},{"first":69,"second":71,"amount":-1},{"first":69,"second":74,"amount":-1},{"first":69,"second":79,"amount":-1},{"first":69,"second":81,"amount":-1},{"first":69,"second":83,"amount":-2},{"first":70,"second":97,"amount":-1},{"first":70,"second":99,"amount":-1},{"first":70,"second":100,"amount":-1},{"first":70,"second":101,"amount":-1},{"first":70,"second":109,"amount":-1},{"first":70,"second":110,"amount":-1},{"first":70,"second":111,"amount":-1},{"first":70,"second":112,"amount":-1},{"first":70,"second":113,"amount":-1},{"first":70,"second":114,"amount":-1},{"first":70,"second":115,"amount":-1},{"first":70,"second":116,"amount":-1},{"first":70,"second":117,"amount":-1},{"first":70,"second":118,"amount":-1},{"first":70,"second":119,"amount":-1},{"first":70,"second":120,"amount":-2},{"first":70,"second":121,"amount":-1},{"first":70,"second":122,"amount":-2},{"first":70,"second":65,"amount":-3},{"first":70,"second":67,"amount":-1},{"first":70,"second":71,"amount":-1},{"first":70,"second":74,"amount":-5},{"first":70,"second":79,"amount":-1},{"first":70,"second":81,"amount":-1},{"first":70,"second":83,"amount":-1},{"first":71,"second":121,"amount":0},{"first":71,"second":84,"amount":-1},{"first":74,"second":97,"amount":0},{"first":74,"second":115,"amount":0},{"first":74,"second":120,"amount":-1},{"first":74,"second":65,"amount":-1},{"first":74,"second":74,"amount":0},{"first":75,"second":97,"amount":-1},{"first":75,"second":99,"amount":-2},{"first":75,"second":100,"amount":-2},{"first":75,"second":101,"amount":-2},{"first":75,"second":103,"amount":-1},{"first":75,"second":111,"amount":-2},{"first":75,"second":113,"amount":-2},{"first":75,"second":115,"amount":-1},{"first":75,"second":116,"amount":-2},{"first":75,"second":117,"amount":-1},{"first":75,"second":118,"amount":-2},{"first":75,"second":119,"amount":-2},{"first":75,"second":120,"amount":-1},{"first":75,"second":121,"amount":-3},{"first":75,"second":67,"amount":-2},{"first":75,"second":71,"amount":-2},{"first":75,"second":74,"amount":-1},{"first":75,"second":79,"amount":-2},{"first":75,"second":81,"amount":-2},{"first":75,"second":83,"amount":-1},{"first":75,"second":88,"amount":0},{"first":76,"second":97,"amount":-1},{"first":76,"second":99,"amount":-1},{"first":76,"second":100,"amount":-1},{"first":76,"second":101,"amount":-1},{"first":76,"second":102,"amount":-2},{"first":76,"second":103,"amount":-1},{"first":76,"second":111,"amount":-1},{"first":76,"second":113,"amount":-1},{"first":76,"second":115,"amount":-1},{"first":76,"second":117,"amount":-1},{"first":76,"second":118,"amount":-2},{"first":76,"second":119,"amount":-2},{"first":76,"second":121,"amount":-3},{"first":76,"second":67,"amount":-2},{"first":76,"second":71,"amount":-2},{"first":76,"second":74,"amount":-1},{"first":76,"second":79,"amount":-2},{"first":76,"second":81,"amount":-2},{"first":76,"second":83,"amount":-1},{"first":76,"second":84,"amount":-5},{"first":76,"second":86,"amount":-4},{"first":76,"second":87,"amount":-4},{"first":76,"second":89,"amount":-5},{"first":79,"second":120,"amount":-1},{"first":79,"second":121,"amount":0},{"first":79,"second":122,"amount":0},{"first":79,"second":65,"amount":-1},{"first":79,"second":74,"amount":0},{"first":79,"second":83,"amount":-1},{"first":79,"second":84,"amount":-1},{"first":79,"second":86,"amount":0},{"first":79,"second":87,"amount":0},{"first":79,"second":88,"amount":-2},{"first":79,"second":89,"amount":-2},{"first":79,"second":90,"amount":-1},{"first":80,"second":97,"amount":0},{"first":80,"second":99,"amount":-1},{"first":80,"second":100,"amount":-1},{"first":80,"second":101,"amount":-1},{"first":80,"second":103,"amount":-1},{"first":80,"second":111,"amount":-1},{"first":80,"second":113,"amount":-1},{"first":80,"second":115,"amount":-1},{"first":80,"second":65,"amount":-3},{"first":80,"second":74,"amount":-6},{"first":80,"second":79,"amount":0},{"first":80,"second":83,"amount":-1},{"first":80,"second":89,"amount":0},{"first":80,"second":90,"amount":-1},{"first":81,"second":120,"amount":-1},{"first":81,"second":121,"amount":0},{"first":81,"second":122,"amount":0},{"first":81,"second":65,"amount":-1},{"first":81,"second":74,"amount":0},{"first":81,"second":83,"amount":-1},{"first":81,"second":84,"amount":-1},{"first":81,"second":86,"amount":-1},{"first":81,"second":87,"amount":-1},{"first":81,"second":88,"amount":0},{"first":81,"second":89,"amount":-2},{"first":81,"second":90,"amount":-1},{"first":82,"second":97,"amount":0},{"first":82,"second":99,"amount":0},{"first":82,"second":100,"amount":0},{"first":82,"second":101,"amount":0},{"first":82,"second":102,"amount":-1},{"first":82,"second":103,"amount":-1},{"first":82,"second":111,"amount":0},{"first":82,"second":113,"amount":0},{"first":82,"second":115,"amount":-1},{"first":82,"second":116,"amount":-1},{"first":82,"second":117,"amount":0},{"first":82,"second":118,"amount":0},{"first":82,"second":119,"amount":0},{"first":82,"second":121,"amount":-1},{"first":82,"second":67,"amount":-1},{"first":82,"second":71,"amount":-1},{"first":82,"second":74,"amount":-1},{"first":82,"second":79,"amount":-1},{"first":82,"second":81,"amount":-1},{"first":82,"second":83,"amount":-1},{"first":82,"second":84,"amount":-1},{"first":82,"second":86,"amount":-1},{"first":82,"second":87,"amount":-1},{"first":82,"second":89,"amount":-1},{"first":83,"second":97,"amount":-1},{"first":83,"second":99,"amount":-1},{"first":83,"second":100,"amount":-1},{"first":83,"second":101,"amount":-1},{"first":83,"second":102,"amount":-1},{"first":83,"second":103,"amount":0},{"first":83,"second":106,"amount":0},{"first":83,"second":109,"amount":0},{"first":83,"second":110,"amount":0},{"first":83,"second":111,"amount":-1},{"first":83,"second":112,"amount":0},{"first":83,"second":113,"amount":-1},{"first":83,"second":114,"amount":0},{"first":83,"second":115,"amount":-1},{"first":83,"second":116,"amount":-1},{"first":83,"second":117,"amount":0},{"first":83,"second":118,"amount":0},{"first":83,"second":119,"amount":0},{"first":83,"second":120,"amount":-1},{"first":83,"second":121,"amount":-1},{"first":83,"second":122,"amount":-1},{"first":83,"second":65,"amount":-1},{"first":83,"second":67,"amount":-1},{"first":83,"second":71,"amount":-1},{"first":83,"second":74,"amount":-1},{"first":83,"second":79,"amount":-1},{"first":83,"second":81,"amount":-1},{"first":83,"second":83,"amount":-1},{"first":83,"second":84,"amount":-1},{"first":83,"second":86,"amount":0},{"first":83,"second":87,"amount":0},{"first":83,"second":88,"amount":-1},{"first":83,"second":89,"amount":-1},{"first":84,"second":97,"amount":-3},{"first":84,"second":99,"amount":-4},{"first":84,"second":100,"amount":-4},{"first":84,"second":101,"amount":-4},{"first":84,"second":102,"amount":-2},{"first":84,"second":103,"amount":-4},{"first":84,"second":109,"amount":-3},{"first":84,"second":110,"amount":-3},{"first":84,"second":111,"amount":-4},{"first":84,"second":112,"amount":-3},{"first":84,"second":113,"amount":-4},{"first":84,"second":114,"amount":-3},{"first":84,"second":115,"amount":-3},{"first":84,"second":116,"amount":-2},{"first":84,"second":117,"amount":-4},{"first":84,"second":118,"amount":-3},{"first":84,"second":119,"amount":-3},{"first":84,"second":120,"amount":-4},{"first":84,"second":121,"amount":-4},{"first":84,"second":122,"amount":-3},{"first":84,"second":65,"amount":-4},{"first":84,"second":67,"amount":-1},{"first":84,"second":71,"amount":-1},{"first":84,"second":74,"amount":-5},{"first":84,"second":79,"amount":-1},{"first":84,"second":81,"amount":-1},{"first":84,"second":83,"amount":-1},{"first":84,"second":84,"amount":1},{"first":84,"second":86,"amount":1},{"first":84,"second":87,"amount":1},{"first":84,"second":89,"amount":1},{"first":85,"second":97,"amount":0},{"first":85,"second":115,"amount":0},{"first":85,"second":120,"amount":-1},{"first":85,"second":65,"amount":-1},{"first":85,"second":74,"amount":0},{"first":86,"second":97,"amount":-2},{"first":86,"second":99,"amount":-2},{"first":86,"second":100,"amount":-2},{"first":86,"second":101,"amount":-2},{"first":86,"second":102,"amount":-1},{"first":86,"second":103,"amount":-2},{"first":86,"second":109,"amount":-1},{"first":86,"second":110,"amount":-1},{"first":86,"second":111,"amount":-2},{"first":86,"second":112,"amount":-1},{"first":86,"second":113,"amount":-2},{"first":86,"second":114,"amount":-1},{"first":86,"second":115,"amount":-2},{"first":86,"second":65,"amount":-3},{"first":86,"second":67,"amount":-1},{"first":86,"second":71,"amount":-1},{"first":86,"second":74,"amount":-3},{"first":86,"second":79,"amount":-1},{"first":86,"second":81,"amount":-1},{"first":86,"second":83,"amount":-1},{"first":86,"second":84,"amount":1},{"first":87,"second":97,"amount":-2},{"first":87,"second":99,"amount":-2},{"first":87,"second":100,"amount":-2},{"first":87,"second":101,"amount":-2},{"first":87,"second":102,"amount":-1},{"first":87,"second":103,"amount":-2},{"first":87,"second":109,"amount":-1},{"first":87,"second":110,"amount":-1},{"first":87,"second":111,"amount":-2},{"first":87,"second":112,"amount":-1},{"first":87,"second":113,"amount":-2},{"first":87,"second":114,"amount":-1},{"first":87,"second":115,"amount":-2},{"first":87,"second":65,"amount":-3},{"first":87,"second":67,"amount":-1},{"first":87,"second":71,"amount":-1},{"first":87,"second":74,"amount":-3},{"first":87,"second":79,"amount":-1},{"first":87,"second":81,"amount":-1},{"first":87,"second":83,"amount":-1},{"first":87,"second":84,"amount":1},{"first":88,"second":99,"amount":-1},{"first":88,"second":100,"amount":-1},{"first":88,"second":101,"amount":-1},{"first":88,"second":102,"amount":-1},{"first":88,"second":103,"amount":-1},{"first":88,"second":111,"amount":-1},{"first":88,"second":113,"amount":-1},{"first":88,"second":115,"amount":-1},{"first":88,"second":116,"amount":-1},{"first":88,"second":118,"amount":-1},{"first":88,"second":119,"amount":-1},{"first":88,"second":121,"amount":-1},{"first":88,"second":122,"amount":0},{"first":88,"second":65,"amount":1},{"first":88,"second":67,"amount":-1},{"first":88,"second":71,"amount":-1},{"first":88,"second":74,"amount":-1},{"first":88,"second":79,"amount":-1},{"first":88,"second":81,"amount":-1},{"first":88,"second":83,"amount":-1},{"first":89,"second":97,"amount":-3},{"first":89,"second":99,"amount":-3},{"first":89,"second":100,"amount":-3},{"first":89,"second":101,"amount":-3},{"first":89,"second":102,"amount":-2},{"first":89,"second":103,"amount":-3},{"first":89,"second":109,"amount":-2},{"first":89,"second":110,"amount":-2},{"first":89,"second":111,"amount":-3},{"first":89,"second":112,"amount":-2},{"first":89,"second":113,"amount":-3},{"first":89,"second":114,"amount":-2},{"first":89,"second":115,"amount":-3},{"first":89,"second":116,"amount":-1},{"first":89,"second":117,"amount":-2},{"first":89,"second":118,"amount":-1},{"first":89,"second":119,"amount":-1},{"first":89,"second":120,"amount":-2},{"first":89,"second":121,"amount":-2},{"first":89,"second":122,"amount":-1},{"first":89,"second":65,"amount":-2},{"first":89,"second":67,"amount":-2},{"first":89,"second":71,"amount":-2},{"first":89,"second":74,"amount":-5},{"first":89,"second":79,"amount":-2},{"first":89,"second":81,"amount":-2},{"first":89,"second":83,"amount":-1},{"first":89,"second":84,"amount":1},{"first":90,"second":99,"amount":-1},{"first":90,"second":100,"amount":-1},{"first":90,"second":101,"amount":-1},{"first":90,"second":102,"amount":-1},{"first":90,"second":103,"amount":-1},{"first":90,"second":111,"amount":-1},{"first":90,"second":113,"amount":-1},{"first":90,"second":115,"amount":-1},{"first":90,"second":116,"amount":-1},{"first":90,"second":117,"amount":-1},{"first":90,"second":118,"amount":-1},{"first":90,"second":119,"amount":-1},{"first":90,"second":121,"amount":-1},{"first":90,"second":65,"amount":0},{"first":90,"second":67,"amount":-1},{"first":90,"second":71,"amount":-1},{"first":90,"second":74,"amount":-1},{"first":90,"second":79,"amount":-1},{"first":90,"second":81,"amount":-1},{"first":90,"second":83,"amount":-1}]}