{"pages":["SyneMono-Regular.png"],"chars":[{"id":79,"index":62,"char":"O","width":24,"height":32,"xoffset":-1,"yoffset":13,"xadvance":23,"chnl":15,"x":0,"y":0,"page":0},{"id":65,"index":1,"char":"A","width":22,"height":32,"xoffset":1,"yoffset":13,"xadvance":23,"chnl":15,"x":0,"y":33,"page":0},{"id":67,"index":13,"char":"C","width":24,"height":32,"xoffset":-1,"yoffset":13,"xadvance":23,"chnl":15,"x":0,"y":66,"page":0},{"id":83,"index":80,"char":"S","width":23,"height":32,"xoffset":0,"yoffset":13,"xadvance":23,"chnl":15,"x":23,"y":33,"page":0},{"id":78,"index":56,"char":"N","width":23,"height":31,"xoffset":0,"yoffset":14,"xadvance":23,"chnl":15,"x":25,"y":0,"page":0},{"id":69,"index":22,"char":"E","width":23,"height":31,"xoffset":0,"yoffset":14,"xadvance":23,"chnl":15,"x":25,"y":66,"page":0},{"id":68,"index":18,"char":"D","width":24,"height":31,"xoffset":0,"yoffset":14,"xadvance":23,"chnl":15,"x":47,"y":32,"page":0},{"id":89,"index":106,"char":"Y","width":22,"height":31,"xoffset":0,"yoffset":14,"xadvance":23,"chnl":15,"x":49,"y":0,"page":0},{"id":76,"index":49,"char":"L","width":23,"height":31,"xoffset":0,"yoffset":14,"xadvance":23,"chnl":15,"x":49,"y":64,"page":0},{"id":82,"index":76,"char":"R","width":23,"height":31,"xoffset":0,"yoffset":14,"xadvance":23,"chnl":15,"x":49,"y":96,"page":0},{"id":84,"index":85,"char":"T","width":26,"height":31,"xoffset":-1,"yoffset":14,"xadvance":23,"chnl":15,"x":73,"y":0,"page":0},{"id":72,"index":36,"char":"H","width":23,"height":31,"xoffset":0,"yoffset":14,"xadvance":23,"chnl":15,"x":72,"y":32,"page":0},{"id":32,"index":486,"char":" ","width":0,"height":0,"xoffset":-2,"yoffset":41,"xadvance":23,"chnl":15,"x":25,"y":32,"page":0}],"info":{"face":"SyneMono-Regular","size":42,"bold":0,"italic":0,"charset":["O","N","E"," ","D","A","Y","C","L","S","R","T","H"],"unicode":1,"stretchH":100,"smooth":1,"aa":1,"padding":[2,2,2,2],"spacing":[0,0]},"common":{"lineHeight":50,"base":41,"scaleW":128,"scaleH":128,"pages":1,"packed":0,"alphaChnl":0,"redChnl":0,"greenChnl":0,"blueChnl":0},"distanceField":{"fieldType":"msdf","distanceRange":4},"kernings":[]}